epoch,time,train/box_loss,train/cls_loss,train/dfl_loss,metrics/precision(B),metrics/recall(B),metrics/mAP50(B),metrics/mAP50-95(B),val/box_loss,val/cls_loss,val/dfl_loss,lr/pg0,lr/pg1,lr/pg2
1,61.7415,1.59186,2.76611,1.78626,0.00827,1,0.28941,0.10505,1.31357,2.67462,1.38513,0.0005,0.0005,0.0005
2,74.7577,1.39659,2.65697,1.55368,0.00736,1,0.32081,0.12561,1.50515,2.72216,1.51269,0.00115512,0.00115512,0.00115512
3,88.3523,1.38335,2.52248,1.5578,0.00739,1,0.39897,0.14934,1.52765,2.6999,1.62041,0.00179703,0.00179703,0.00179703
4,100.838,1.48184,2.38695,1.62332,0.00794,0.96296,0.20244,0.08928,1.60938,2.72621,1.83764,0.0019406,0.0019406,0.0019406
5,116.253,1.49093,2.23825,1.66364,0.00759,0.92593,0.19934,0.05714,2.02236,2.85063,2.69021,0.0019208,0.0019208,0.0019208
6,128.53,1.55829,2.2437,1.7585,0.00746,1,0.26405,0.0837,1.92763,2.76186,2.78965,0.001901,0.001901,0.001901
7,139.824,1.63015,2.084,1.80956,0.33411,0.07407,0.24912,0.10031,1.8214,2.61584,2.65565,0.0018812,0.0018812,0.0018812
8,150.762,1.57819,2.01915,1.77149,0.31121,0.2963,0.25666,0.10986,1.71547,2.52158,2.60164,0.0018614,0.0018614,0.0018614
9,159.795,1.48869,1.94723,1.7168,0.16712,0.26769,0.17597,0.06022,2.03576,2.7014,3.23,0.0018416,0.0018416,0.0018416
10,169.723,1.49116,2.15002,1.72808,0.24328,0.14815,0.1356,0.04268,2.07816,2.794,2.60034,0.0018218,0.0018218,0.0018218
11,178.47,1.43948,1.87003,1.67716,0.20866,0.03704,0.0945,0.0431,2.59244,2.85505,2.95813,0.001802,0.001802,0.001802
12,188.171,1.54848,1.88352,1.6937,0.35818,0.03704,0.07936,0.03957,2.92077,2.91709,3.23736,0.0017822,0.0017822,0.0017822
13,197.006,1.42296,1.77567,1.63505,0.2777,0.03704,0.08088,0.03324,3.07066,3.03215,3.54445,0.0017624,0.0017624,0.0017624
14,208.372,1.42356,1.70684,1.64955,0.22754,0.14214,0.11884,0.03422,2.95438,2.93835,3.63093,0.0017426,0.0017426,0.0017426
15,219.919,1.49658,1.78599,1.68023,0.20947,0.11111,0.10489,0.02303,2.88542,2.916,2.91322,0.0017228,0.0017228,0.0017228
16,230.534,1.38374,1.66015,1.60546,0.12814,0.11111,0.06361,0.02168,2.856,2.91244,2.96749,0.001703,0.001703,0.001703
17,242.774,1.44698,1.70784,1.65253,0.07152,0.07407,0.06152,0.0189,2.25548,2.88384,2.34088,0.0016832,0.0016832,0.0016832
18,255.298,1.37077,1.63578,1.6028,0.08245,0.14815,0.08993,0.03514,1.93859,2.73347,1.97319,0.0016634,0.0016634,0.0016634
19,267.643,1.39526,1.5935,1.61212,0.10784,0.22222,0.13861,0.06162,1.6259,2.57314,1.71818,0.0016436,0.0016436,0.0016436
20,279.772,1.37511,1.69035,1.61715,0.107,0.14815,0.08075,0.03184,1.65495,2.85201,1.88127,0.0016238,0.0016238,0.0016238
21,291.891,1.37627,1.66893,1.61996,0.09449,0.22222,0.09822,0.03979,1.65866,2.79752,1.88589,0.001604,0.001604,0.001604
22,303.998,1.2686,1.61256,1.53912,0.16613,0.14815,0.08295,0.03403,1.77369,3.03802,1.89809,0.0015842,0.0015842,0.0015842
23,317.32,1.30597,1.66815,1.52885,0.17802,0.18519,0.11517,0.03914,1.8824,3.21906,1.96258,0.0015644,0.0015644,0.0015644
24,331.218,1.27322,1.58114,1.53231,0.22956,0.37037,0.16345,0.07512,1.56995,2.78888,1.7891,0.0015446,0.0015446,0.0015446
25,343.008,1.25788,1.5226,1.5514,0.27595,0.2963,0.2206,0.11273,1.39208,2.90237,1.6438,0.0015248,0.0015248,0.0015248
26,356.487,1.31626,1.6812,1.58419,0.32002,0.33333,0.22583,0.09722,1.49574,3.23228,1.71876,0.001505,0.001505,0.001505
27,370.442,1.28405,1.62792,1.50805,0.12021,0.44444,0.10523,0.04107,1.59979,4.16234,1.74294,0.0014852,0.0014852,0.0014852
28,381.624,1.25356,1.5543,1.50052,0.10651,0.33333,0.10391,0.0416,1.69692,4.49375,1.81642,0.0014654,0.0014654,0.0014654
29,392.77,1.27103,1.59355,1.4823,0.089,0.33333,0.08162,0.03133,1.5904,4.31305,1.76705,0.0014456,0.0014456,0.0014456
30,405.239,1.30828,1.49561,1.54347,0.06064,0.33333,0.05245,0.024,1.49304,4.01837,1.6519,0.0014258,0.0014258,0.0014258
31,416.614,1.18786,1.4972,1.47612,0.07688,0.51852,0.06283,0.02401,1.71704,3.41978,1.8278,0.001406,0.001406,0.001406
32,428.088,1.22191,1.45109,1.47262,0.11254,0.59648,0.09894,0.03536,1.6812,3.11155,1.83961,0.0013862,0.0013862,0.0013862
33,440.144,1.27508,1.46237,1.54879,0.14664,0.55556,0.1165,0.04656,1.66177,2.85445,1.88193,0.0013664,0.0013664,0.0013664
34,450.437,1.22441,1.46659,1.47158,0.19876,0.48148,0.22785,0.10065,1.64712,2.38774,1.99178,0.0013466,0.0013466,0.0013466
35,461.042,1.26329,1.50108,1.4851,0.64673,0.2963,0.33855,0.16206,1.55206,2.20307,1.86581,0.0013268,0.0013268,0.0013268
36,471.522,1.16298,1.44606,1.44442,0.72235,0.33333,0.4554,0.24924,1.33921,2.02683,1.56182,0.001307,0.001307,0.001307
37,480.54,1.20361,1.45024,1.46882,0.55731,0.33333,0.42633,0.23902,1.20169,2.03909,1.50909,0.0012872,0.0012872,0.0012872
38,489.194,1.16587,1.34599,1.42566,0.53027,0.40741,0.45264,0.21247,1.28332,2.14195,1.5871,0.0012674,0.0012674,0.0012674
39,497.513,1.13702,1.4107,1.37552,0.63679,0.37037,0.46505,0.20869,1.33473,2.18227,1.70117,0.0012476,0.0012476,0.0012476
40,506.092,1.2093,1.4542,1.39955,0.57617,0.40741,0.48232,0.22654,1.36713,2.22432,1.71017,0.0012278,0.0012278,0.0012278
41,514.944,1.09793,1.28177,1.36765,0.57202,0.40741,0.48524,0.22568,1.37865,2.24245,1.76742,0.001208,0.001208,0.001208
42,523.487,1.1049,1.33023,1.33856,0.53359,0.33925,0.45139,0.17112,1.39997,2.34697,1.77644,0.0011882,0.0011882,0.0011882
43,532.012,1.20379,1.34007,1.4481,0.66418,0.29326,0.40188,0.14893,1.53035,2.35053,1.89381,0.0011684,0.0011684,0.0011684
44,540.402,1.10842,1.26689,1.37304,0.38181,0.44444,0.43097,0.15928,1.55461,2.37299,1.92334,0.0011486,0.0011486,0.0011486
45,548.745,1.09637,1.29154,1.35792,0.39224,0.69336,0.43522,0.16992,1.43202,2.3674,1.81007,0.0011288,0.0011288,0.0011288
46,557.705,1.12403,1.30621,1.38688,0.40067,0.7037,0.47566,0.20744,1.34575,2.27433,1.70503,0.001109,0.001109,0.001109
47,568.727,1.07791,1.25335,1.39216,0.40589,0.7037,0.54689,0.23678,1.27808,2.21166,1.62602,0.0010892,0.0010892,0.0010892
48,578.983,1.02104,1.21734,1.35432,0.60963,0.59259,0.54682,0.253,1.29173,2.12474,1.6776,0.0010694,0.0010694,0.0010694
49,591.02,1.0898,1.2158,1.39558,0.56765,0.72963,0.59177,0.2914,1.32017,2.10141,1.64474,0.0010496,0.0010496,0.0010496
50,601.669,1.05214,1.16593,1.35687,0.60228,0.59259,0.59261,0.30978,1.32705,1.90089,1.61551,0.0010298,0.0010298,0.0010298
51,611.954,1.04921,1.19009,1.37256,0.5833,0.51852,0.59213,0.28054,1.33142,1.88801,1.61632,0.00101,0.00101,0.00101
52,622.678,1.05379,1.19612,1.33885,0.41643,0.79306,0.62862,0.27726,1.37357,1.89496,1.64894,0.0009902,0.0009902,0.0009902
53,632.304,1.02071,1.21883,1.31887,0.64982,0.55003,0.63926,0.25716,1.40967,1.88312,1.68722,0.0009704,0.0009704,0.0009704
54,641.29,1.03898,1.22873,1.30695,0.49071,0.7037,0.57354,0.23764,1.47281,1.98568,1.70103,0.0009506,0.0009506,0.0009506
55,650.362,1.05116,1.15248,1.34047,0.50483,0.7037,0.54072,0.20649,1.46688,2.07746,1.7109,0.0009308,0.0009308,0.0009308
56,659.384,1.08316,1.19515,1.35337,0.46364,0.66667,0.47755,0.20805,1.49257,2.04353,1.71748,0.000911,0.000911,0.000911
57,668.603,1.00022,1.14391,1.29822,0.33482,0.66667,0.42779,0.20479,1.43277,2.02327,1.68504,0.0008912,0.0008912,0.0008912
58,677.475,1.00089,1.21776,1.33394,0.36838,0.62963,0.38794,0.19868,1.38189,2.0262,1.65771,0.0008714,0.0008714,0.0008714
59,686.44,0.9889,1.10557,1.29009,0.37097,0.48148,0.39726,0.20945,1.41594,1.99361,1.66525,0.0008516,0.0008516,0.0008516
60,697.276,1.02762,1.15137,1.33835,0.3681,0.59259,0.44978,0.21239,1.41685,2.0389,1.65654,0.0008318,0.0008318,0.0008318
61,710.432,1.00098,1.16507,1.33992,0.41883,0.69414,0.52154,0.21896,1.38705,2.07718,1.60412,0.000812,0.000812,0.000812
62,721.82,0.97217,1.14672,1.33819,0.44158,0.76169,0.57028,0.22936,1.37739,2.10139,1.62351,0.0007922,0.0007922,0.0007922
63,733.165,0.94983,1.20943,1.29589,0.442,0.81481,0.60082,0.23482,1.39764,2.05595,1.66009,0.0007724,0.0007724,0.0007724
64,744.335,0.98375,1.16716,1.28906,0.47821,0.55556,0.58633,0.22231,1.38822,2.07406,1.66166,0.0007526,0.0007526,0.0007526
65,755.89,1.01013,1.11793,1.31007,0.44993,0.62963,0.56234,0.23473,1.38542,1.99976,1.66476,0.0007328,0.0007328,0.0007328
66,765.49,0.97652,1.06792,1.27854,0.54728,0.62689,0.61216,0.26224,1.3626,1.9731,1.62786,0.000713,0.000713,0.000713
67,778.246,0.90628,1.07526,1.22345,0.63829,0.51852,0.55918,0.2313,1.35795,2.06422,1.61408,0.0006932,0.0006932,0.0006932
68,826.217,0.93933,1.10994,1.28147,0.58441,0.48148,0.48994,0.21158,1.32415,2.0892,1.60396,0.0006734,0.0006734,0.0006734
69,911.611,0.87553,1.15649,1.25129,0.47874,0.51852,0.46202,0.18837,1.33098,2.16779,1.62787,0.0006536,0.0006536,0.0006536
70,1011.53,0.97181,1.05735,1.27089,0.48653,0.7037,0.49717,0.1876,1.33099,2.2058,1.61645,0.0006338,0.0006338,0.0006338
71,1074.19,0.86974,1.01177,1.24349,0.52102,0.56426,0.50552,0.17911,1.33559,2.16669,1.59445,0.000614,0.000614,0.000614
72,1131.1,0.87505,1.06165,1.25509,0.61214,0.58478,0.51798,0.19732,1.36411,2.00771,1.59111,0.0005942,0.0005942,0.0005942
73,1188.11,0.85377,0.98886,1.19528,0.56919,0.66667,0.53534,0.231,1.33576,1.93967,1.56268,0.0005744,0.0005744,0.0005744
74,1244.13,0.8723,1.09292,1.23609,0.5133,0.59259,0.52879,0.25843,1.30043,1.91328,1.53009,0.0005546,0.0005546,0.0005546
75,1372.83,0.85509,1.04237,1.20288,0.58791,0.7037,0.63341,0.29142,1.29396,1.89517,1.55168,0.0005348,0.0005348,0.0005348
76,1551.48,0.93666,0.97202,1.25144,0.57982,0.7037,0.64,0.2835,1.35942,1.91505,1.64399,0.000515,0.000515,0.000515
77,1798.63,0.92064,1.05849,1.25049,0.55266,0.68664,0.62501,0.26638,1.43678,1.92757,1.69635,0.0004952,0.0004952,0.0004952
78,1937.32,0.94951,1.06597,1.27525,0.59211,0.7037,0.62904,0.26338,1.51869,1.92157,1.77074,0.0004754,0.0004754,0.0004754
79,1960.38,0.9368,0.99746,1.26342,0.59801,0.66667,0.63299,0.26537,1.52376,1.88318,1.79059,0.0004556,0.0004556,0.0004556
80,1977.29,0.88729,1.03574,1.24216,0.58977,0.6392,0.63111,0.26303,1.4484,1.92329,1.73681,0.0004358,0.0004358,0.0004358
81,2021.75,0.90071,1.0252,1.23199,0.52495,0.69593,0.61013,0.26523,1.43945,1.8464,1.71696,0.000416,0.000416,0.000416
82,2054.4,0.90506,0.94768,1.26181,0.5219,0.7037,0.62674,0.27457,1.43359,1.7872,1.70566,0.0003962,0.0003962,0.0003962
83,2073.84,0.87475,0.94547,1.17366,0.58629,0.73496,0.6302,0.27914,1.44753,1.74325,1.71357,0.0003764,0.0003764,0.0003764
84,2092.4,0.84169,0.91651,1.20907,0.65567,0.59259,0.64461,0.29034,1.42489,1.75956,1.67834,0.0003566,0.0003566,0.0003566
85,2108.04,0.82542,0.95179,1.16513,0.58696,0.62963,0.64319,0.30223,1.38971,1.78798,1.65391,0.0003368,0.0003368,0.0003368
86,2123.23,0.85172,0.9622,1.2358,0.63949,0.66667,0.67099,0.30051,1.3929,1.77729,1.65738,0.000317,0.000317,0.000317
87,2138.9,0.86575,0.93138,1.23062,0.64432,0.60415,0.6659,0.30202,1.41517,1.79674,1.68578,0.0002972,0.0002972,0.0002972
88,2154.07,0.82457,0.91503,1.17031,0.69874,0.51556,0.64517,0.28615,1.40212,1.90168,1.67576,0.0002774,0.0002774,0.0002774
89,2169.84,0.81864,0.91305,1.16913,0.70497,0.48148,0.60949,0.26155,1.4078,1.96002,1.68625,0.0002576,0.0002576,0.0002576
90,2186.14,0.80083,0.92845,1.17873,0.64496,0.51852,0.6188,0.27046,1.37587,2.00672,1.65716,0.0002378,0.0002378,0.0002378
91,2202.73,0.81036,1.18906,1.17921,0.77258,0.51852,0.62053,0.28975,1.35829,2.02328,1.63082,0.000218,0.000218,0.000218
92,2219.71,0.76396,1.26145,1.09063,0.82289,0.51637,0.60842,0.27655,1.35261,2.03704,1.61625,0.0001982,0.0001982,0.0001982
93,2235.88,0.7748,1.14898,1.11384,0.82069,0.51852,0.59911,0.27043,1.34971,2.04985,1.62205,0.0001784,0.0001784,0.0001784
94,2251.77,0.78345,1.04276,1.15669,0.81156,0.51852,0.60322,0.27986,1.33475,2.08293,1.60794,0.0001586,0.0001586,0.0001586
95,2266.79,0.80759,1.08369,1.15122,0.80143,0.51852,0.60297,0.27625,1.31615,2.09543,1.58076,0.0001388,0.0001388,0.0001388
96,2281.98,0.79289,1.07339,1.19144,0.78715,0.51852,0.62793,0.29064,1.29978,2.12401,1.56878,0.000119,0.000119,0.000119
97,2298.5,0.80736,1.24638,1.19499,0.80976,0.48148,0.62561,0.30184,1.28362,2.10715,1.54737,9.92e-05,9.92e-05,9.92e-05
98,2314.73,0.78174,1.03386,1.16839,0.85198,0.48148,0.65726,0.31989,1.27916,2.11455,1.55142,7.94e-05,7.94e-05,7.94e-05
99,2329.61,0.78182,1.04315,1.11542,0.79389,0.48148,0.64912,0.3163,1.25705,2.09266,1.53632,5.96e-05,5.96e-05,5.96e-05
100,2343.8,0.76657,1.00119,1.1138,0.79446,0.48148,0.67131,0.31962,1.25757,2.04055,1.53703,3.98e-05,3.98e-05,3.98e-05
